name,output,flag,username,timestamp
apa kabar,Hello apa kabar!,,,2024-10-18 19:07:46.535337
flagged/audio_file/c43ce64f6f4f86063db9/Voice 002.m4a,"</s>
<s><<SYS>>
List the key points with details from the context: 
[INST] The context :  I'm not sure if I can see the music. and I'm going to give you a good idea. I'm going to give you a good idea. I'm going to give you a good idea. I'm going to give you a good idea. I'm going to give you a good idea. I'm going to give you a good idea. I'm going to give you a good idea. I'm going to give you a good idea. I'm going to give you a good idea. I'm going to give you a good idea. [/INST] 
<</SYS>>
</s>
<s><<SYS>>
List the key points with details from the context: 
[INST] The context :  I'm not sure if I can see the music. and I'm going to give you a good idea. I'm going to give you a good idea. I'm going to give you a good idea. I'm going to give you a good idea. I'm going to give you a good idea. I'm going to give you a good idea. I'm going to give you a good idea. I'm going to give you a good idea. I'm going to give you a good idea. I'm going to give you a good idea. [/INST] 
<</SYS>>
</s>
<s><<SYS>>
List the key points with details from the context: 
[INST] The context :  I'm not sure if I can see the music. and I'm going to give you a good idea. I'm going to give you a good idea. I'm going to give you a good idea. I'm going to give you a good idea. I'm going to give you a good idea. I'm going to give you a good idea. I'm going to give you a good idea. I'm going to give you a good idea. I'm going to give you a good idea. I'm going to give you a good idea. [/INST] 
<</SYS>>
</s>
<s><<SYS>>
List the key points with details from the context: 
[INST] The context :  I'm not sure if I can see the music. and I'm going to give you a good idea. I'm going to give you a good idea. I'm going to give you a good idea. I'm going to give you a good idea. I'm going to give you a good idea. I'm going to give you a good idea. I'm going to give you a good idea. I'm going to give you a good idea. I'm going to give you a good idea. I'm going to give you a good idea. [/INST] 
<</SYS>>
</s>
<s><<SYS>>
List the key points with details from the context: 
[INST] The context :  I'm not sure if I can see the music. and I'm going to give you a good idea. I'm going to give you a good idea. I'm going to give you a good idea. I'm going to give you a good idea. I'm going to give you a good idea. I'm going to give you a good idea. I'm going to give you a good idea. I'm going to give you a good idea. I'm going to give you a good idea. I'm going to give you a good idea. [/INST] 
<</SYS>>
</s>
<s><<SYS>>
List the key points with details from the context: 
[INST] The context :  I'm not sure if I can see the music. and I'm going to give you a good idea. I'm going to give you a good idea. I'm going to give you a good idea. I'm",,,2024-10-18 19:16:38.367504
